id,first_name,last_name,email,funds
1,Lilah,Marven,lmarven0@drupal.org,2968
2,Rodina,Wyllt,rwyllt1@utexas.edu,7713
3,Geoffry,Alkins,galkins2@toplist.cz,6867
4,Bendix,Beden,bbeden3@infoseek.co.jp,5513
5,Cynde,Towersey,ctowersey4@apple.com,6416
6,Pooh,Ghion,pghion5@hugedomains.com,5986
7,Beulah,Rustman,brustman6@skyrock.com,7783
8,Brittan,Stratley,bstratley7@google.com,3975
9,Benjamen,Dumphry,bdumphry8@360.cn,6212
10,Johan,Brophy,jbrophy9@fda.gov,3211
11,Geoffrey,Arlet,garleta@bloglovin.com,7364
12,Burnard,Roeby,broebyb@fotki.com,2912
13,Garek,Bedlington,gbedlingtonc@1und1.de,658
14,Toni,Lumsdall,tlumsdalld@aol.com,6779
15,Jeno,Joisce,jjoiscee@unblog.fr,5524
16,Marquita,Coxon,mcoxonf@domainmarket.com,236
17,Florella,Trussler,ftrusslerg@tinyurl.com,8074
18,Webb,Di Lucia,wdiluciah@theatlantic.com,1308
19,Gillan,Wapplington,gwapplingtoni@delicious.com,4482
20,Gard,Olyunin,golyuninj@paginegialle.it,4084
21,Jaymee,Slate,jslatek@cafepress.com,1214
22,Ulrikaumeko,McGraw,umcgrawl@geocities.com,5655
23,Claudette,Hoggins,chogginsm@yahoo.com,5959
24,Wileen,Shalloe,wshalloen@netlog.com,8687
25,Candace,Deer,cdeero@theatlantic.com,3182
26,Hazel,Colvill,hcolvillp@boston.com,3506
27,Hillel,Jeannaud,hjeannaudq@chicagotribune.com,1510
28,Constanta,Giacaponi,cgiacaponir@fda.gov,1167
29,Kynthia,Bouldstridge,kbouldstridges@cloudflare.com,8412
30,Nahum,Wakeford,nwakefordt@cdc.gov,389
31,Romonda,Skokoe,rskokoeu@multiply.com,6202
32,Gilbertine,Dufore,gduforev@gov.uk,1301
33,Laureen,De Cruze,ldecruzew@networksolutions.com,6211
34,Ondrea,McElhargy,omcelhargyx@blogtalkradio.com,9629
35,Carie,Cossington,ccossingtony@yandex.ru,2923
36,Luke,Flintiff,lflintiffz@chronoengine.com,333
37,Merill,Meiklem,mmeiklem10@list-manage.com,514
38,Netta,Mace,nmace11@weather.com,9127
39,Craig,Andrioletti,candrioletti12@yellowpages.com,9133
40,Holly-anne,Crosgrove,hcrosgrove13@php.net,6728
41,Gradey,Cirlos,gcirlos14@mtv.com,3408
42,Debora,Bugge,dbugge15@msn.com,4194
43,Penny,Lanfranchi,planfranchi16@booking.com,972
44,Lucho,Cashin,lcashin17@linkedin.com,7273
45,Rhona,Diggons,rdiggons18@tripadvisor.com,4210
46,Quinn,Ashenhurst,qashenhurst19@google.com.au,3280
47,Kelcey,Thorington,kthorington1a@nps.gov,3268
48,Wainwright,Goddman,wgoddman1b@shop-pro.jp,7711
49,Roseline,Aguilar,raguilar1c@arstechnica.com,2275
50,Merrilee,Diggins,mdiggins1d@washingtonpost.com,5162
51,Blancha,Hume,bhume1e@princeton.edu,6681
52,Rurik,Gaitone,rgaitone1f@blinklist.com,872
53,Kippy,ffrench Beytagh,kffrenchbeytagh1g@marketwatch.com,5057
54,Salomo,Betts,sbetts1h@fastcompany.com,950
55,Jude,Pilcher,jpilcher1i@home.pl,5349
56,Bertrando,Audiss,baudiss1j@engadget.com,5948
57,Kenny,Rubbert,krubbert1k@sourceforge.net,7809
58,Arnaldo,Quantrell,aquantrell1l@privacy.gov.au,622
59,Jeno,Boyett,jboyett1m@tamu.edu,7602
60,Augustine,Cafferky,acafferky1n@usatoday.com,8019
61,Viviene,Youtead,vyoutead1o@last.fm,9138
62,Monique,Speare,mspeare1p@discuz.net,4622
63,Ellary,Vanyushkin,evanyushkin1q@nsw.gov.au,2954
64,Rodrique,Whitelaw,rwhitelaw1r@livejournal.com,1305
65,Shirlene,Gough,sgough1s@webeden.co.uk,3643
66,Austen,Counsell,acounsell1t@boston.com,9975
67,Jennie,Banger,jbanger1u@elpais.com,4010
68,Alvy,de Tocqueville,adetocqueville1v@narod.ru,5786
69,Andras,Duffie,aduffie1w@apple.com,9289
70,Charissa,Greasley,cgreasley1x@a8.net,4974
71,Catlee,Benzie,cbenzie1y@zdnet.com,3277
72,Genia,Scheu,gscheu1z@tripod.com,2661
73,Myer,Limbrick,mlimbrick20@amazon.de,5319
74,Harriot,Dengel,hdengel21@gizmodo.com,8882
75,Giovanni,Kaesmakers,gkaesmakers22@gravatar.com,1827
76,Nickolai,Arnhold,narnhold23@woothemes.com,7827
77,Adan,Lande,alande24@alexa.com,7227
78,Gabey,Gillian,ggillian25@dailymail.co.uk,9092
79,Cornie,Kayes,ckayes26@chron.com,7013
80,Fifi,Coopland,fcoopland27@uol.com.br,1567
81,Doloritas,Pressdee,dpressdee28@moonfruit.com,7823
82,Eldon,Brakewell,ebrakewell29@bravesites.com,8392
83,Evonne,Ransom,eransom2a@umich.edu,2988
84,Pietrek,MacGuigan,pmacguigan2b@theatlantic.com,4344
85,Alexis,Cosstick,acosstick2c@ustream.tv,9022
86,Alexandre,Schutze,aschutze2d@shop-pro.jp,8869
87,Blakeley,Hargrave,bhargrave2e@virginia.edu,5418
88,Seth,Crichten,scrichten2f@xinhuanet.com,9852
89,Durand,Honeyghan,dhoneyghan2g@taobao.com,4791
90,Kitty,Hallet,khallet2h@ifeng.com,954
91,Edna,Gridon,egridon2i@google.it,5870
92,Lilla,Syplus,lsyplus2j@elpais.com,2226
93,Kerby,Prevost,kprevost2k@weibo.com,1411
94,Francesca,Northcote,fnorthcote2l@squarespace.com,3220
95,Buffy,d'Escoffier,bdescoffier2m@lycos.com,3919
96,Gage,MacGruer,gmacgruer2n@people.com.cn,2008
97,Valli,D'eye,vdeye2o@shareasale.com,4098
98,Taddeo,Salliere,tsalliere2p@cbslocal.com,7867
99,Felizio,Longfut,flongfut2q@jugem.jp,4850
100,Ogdon,Hansie,ohansie2r@wikipedia.org,3194
101,Kelcey,Le Marquand,klemarquand2s@techcrunch.com,5715
102,Lyn,Strettell,lstrettell2t@prweb.com,3660
103,Veronica,Gaskins,vgaskins2u@blogspot.com,4030
104,Allyson,Eccersley,aeccersley2v@free.fr,107
105,Marci,O'Cridigan,mocridigan2w@amazon.co.jp,9472
106,Livvyy,Verecker,lverecker2x@people.com.cn,339
107,Daffy,Stonhard,dstonhard2y@npr.org,4385
108,Isidoro,Seivertsen,iseivertsen2z@oaic.gov.au,4664
109,Brittan,Borland,bborland30@hubpages.com,8562
110,Hillie,Cariss,hcariss31@skyrock.com,9118
111,Pierrette,Burtwistle,pburtwistle32@hubpages.com,9041
112,Bale,Domney,bdomney33@comcast.net,7839
113,Justis,Chard,jchard34@myspace.com,5955
114,Kerrill,Caville,kcaville35@purevolume.com,7246
115,Virgilio,Cricket,vcricket36@tiny.cc,1255
116,Bradford,Brookz,bbrookz37@mozilla.org,4620
117,Maria,Boice,mboice38@wikimedia.org,9469
118,Ferd,Layton,flayton39@wikia.com,34
119,Camel,O'Lagen,colagen3a@wordpress.org,4409
120,Devland,Quant,dquant3b@jigsy.com,5974
121,Deirdre,Shutler,dshutler3c@bloomberg.com,5101
122,Nani,Tabert,ntabert3d@dell.com,1860
123,Bartholemy,Forlong,bforlong3e@nhs.uk,1628
124,Ericka,Ead,eead3f@reuters.com,5963
125,Stesha,Brindle,sbrindle3g@ox.ac.uk,860
126,Nicko,Hoyte,nhoyte3h@weather.com,7481
127,Raynor,Durgan,rdurgan3i@chicagotribune.com,3906
128,Sherlocke,Perrington,sperrington3j@miitbeian.gov.cn,4791
129,Waylen,Mila,wmila3k@behance.net,1956
130,Donaugh,Jaycocks,djaycocks3l@mail.ru,9555
131,Heddie,Buist,hbuist3m@sitemeter.com,1450
132,Karlyn,Lagde,klagde3n@canalblog.com,308
133,Nadine,Perot,nperot3o@ask.com,473
134,Wesley,Matyas,wmatyas3p@illinois.edu,1619
135,Christie,Slight,cslight3q@edublogs.org,6565
136,Kermit,Boriston,kboriston3r@weibo.com,9731
137,Fran,Clemenzi,fclemenzi3s@businessinsider.com,2703
138,Lawton,Stoeck,lstoeck3t@amazonaws.com,5139
139,Belita,Dallyn,bdallyn3u@about.com,7575
140,Moria,Slite,mslite3v@elegantthemes.com,871
141,Tedda,MacFadyen,tmacfadyen3w@newsvine.com,2028
142,Alwyn,Moynihan,amoynihan3x@nasa.gov,6098
143,Hinze,Elstow,helstow3y@fc2.com,6704
144,Terry,Boards,tboards3z@guardian.co.uk,7540
145,Lorrie,Greg,lgreg40@google.ca,7043
146,Pall,Tunna,ptunna41@unesco.org,3782
147,Hogan,Anton,hanton42@flickr.com,5249
148,Sophi,Mourbey,smourbey43@quantcast.com,8452
149,Lefty,Instone,linstone44@epa.gov,4695
150,Tommie,Salmoni,tsalmoni45@merriam-webster.com,5597
151,Albertina,Pindred,apindred46@spotify.com,5568
152,Bernhard,Jose,bjose47@nsw.gov.au,5623
153,Georgi,Sterricker,gsterricker48@etsy.com,8446
154,Beulah,Enric,benric49@yellowpages.com,2521
155,Ashley,Eich,aeich4a@over-blog.com,6905
156,Selle,O'Leagham,soleagham4b@ezinearticles.com,9520
157,Kort,Hopfner,khopfner4c@hao123.com,9039
158,Madlen,Guinane,mguinane4d@cnn.com,1554
159,Barnaby,Winham,bwinham4e@twitpic.com,8643
160,Cloris,Golsby,cgolsby4f@spotify.com,1409
161,Melloney,Andrault,mandrault4g@psu.edu,478
162,Vladamir,Kingaby,vkingaby4h@squidoo.com,5034
163,Putnem,Sharma,psharma4i@google.fr,1304
164,Swen,Craghead,scraghead4j@friendfeed.com,5789
165,Nichol,Antunes,nantunes4k@dailymail.co.uk,2234
166,Nance,Dudhill,ndudhill4l@g.co,250
167,Ferdy,Biesty,fbiesty4m@livejournal.com,8623
168,Sam,Jeannin,sjeannin4n@is.gd,314
169,Stacie,Stubbings,sstubbings4o@posterous.com,8399
170,Glyn,Nary,gnary4p@howstuffworks.com,5361
171,Lutero,Paulino,lpaulino4q@symantec.com,2601
172,Ronda,Burbury,rburbury4r@gravatar.com,9345
173,Con,Castaner,ccastaner4s@cbslocal.com,8818
174,Dionysus,Balducci,dbalducci4t@multiply.com,6713
175,Denyse,Harman,dharman4u@ehow.com,9293
176,Chrissy,Quincey,cquincey4v@geocities.jp,9831
177,Debera,Powder,dpowder4w@umich.edu,8720
178,Anne,Cudmore,acudmore4x@cdc.gov,3137
179,Tommi,MacPharlain,tmacpharlain4y@redcross.org,5694
180,Abbott,Moggan,amoggan4z@comsenz.com,5908
181,Dudley,Chippindale,dchippindale50@ning.com,3092
182,Toddie,Meads,tmeads51@flickr.com,5691
183,Blakelee,Kubec,bkubec52@opera.com,3020
184,Gabriello,Gapp,ggapp53@google.com,6081
185,Keir,Meecher,kmeecher54@1und1.de,4554
186,Nehemiah,Bodechon,nbodechon55@woothemes.com,2027
187,Ford,Teliga,fteliga56@de.vu,5009
188,Merla,Tumber,mtumber57@mysql.com,5557
189,Joann,Kingdon,jkingdon58@google.nl,2812
190,Alisander,Dani,adani59@jigsy.com,3443
191,Anselm,Raatz,araatz5a@elegantthemes.com,5180
192,Davidson,Bloxsome,dbloxsome5b@123-reg.co.uk,1839
193,Hogan,Lansbury,hlansbury5c@csmonitor.com,641
194,Roselin,Ghost,rghost5d@t.co,6532
195,Amory,Pleven,apleven5e@fema.gov,2012
196,Sonnie,Blenkiron,sblenkiron5f@foxnews.com,6512
197,Karlene,Ather,kather5g@privacy.gov.au,8165
198,Iggy,Gun,igun5h@mac.com,8354
199,Thom,Wyldbore,twyldbore5i@ox.ac.uk,5386
200,Aron,Casbolt,acasbolt5j@skype.com,2374
201,Holly-anne,Hargroves,hhargroves5k@bravesites.com,9648
202,Analiese,Pruvost,apruvost5l@goodreads.com,7568
203,Byron,Shildrake,bshildrake5m@ibm.com,3016
204,Shanie,Wedlock,swedlock5n@nasa.gov,526
205,Lara,Fowlestone,lfowlestone5o@infoseek.co.jp,5400
206,Jaimie,Gallifont,jgallifont5p@cnet.com,5748
207,Selie,Paynter,spaynter5q@eepurl.com,7069
208,Albina,Whiteside,awhiteside5r@wunderground.com,5982
209,Rana,Andover,randover5s@wikimedia.org,9129
210,Schuyler,Meir,smeir5t@businessinsider.com,1045
211,Vickie,Dand,vdand5u@weather.com,9625
212,Kalindi,Clarae,kclarae5v@hostgator.com,351
213,Bethanne,Edward,bedward5w@amazon.com,3167
214,Budd,Connock,bconnock5x@wikispaces.com,5454
215,Aubrette,Gillcrist,agillcrist5y@aboutads.info,9276
216,Ginnifer,Dorrins,gdorrins5z@nature.com,9599
217,Inesita,Knight,iknight60@tuttocitta.it,2482
218,Eudora,Spring,espring61@bluehost.com,5769
219,Carlene,Featherstonhaugh,cfeatherstonhaugh62@prlog.org,3115
220,Farleigh,Soane,fsoane63@cbc.ca,876
221,Isa,Wherrett,iwherrett64@mozilla.com,2850
222,Antony,Biggin,abiggin65@ucsd.edu,5740
223,Annabelle,Pikesley,apikesley66@privacy.gov.au,8208
224,Sada,O'Cannavan,socannavan67@mashable.com,2836
225,Eduard,Lougheid,elougheid68@xing.com,375
226,Claudina,Hallsworth,challsworth69@liveinternet.ru,1865
227,Ailene,Mugg,amugg6a@example.com,8371
228,Beret,Ornils,bornils6b@goo.ne.jp,4064
229,Ivonne,Skea,iskea6c@clickbank.net,472
230,Ferguson,Zorzetti,fzorzetti6d@t.co,6329
231,Bree,Muggleston,bmuggleston6e@purevolume.com,8819
232,Yolanda,Fuzzey,yfuzzey6f@about.me,4360
233,Alphonse,Shakesby,ashakesby6g@liveinternet.ru,8129
234,Cortie,Frickey,cfrickey6h@scientificamerican.com,4546
235,Rona,Tye,rtye6i@cbc.ca,9881
236,Elfrida,Oris,eoris6j@tmall.com,9792
237,Rheta,Grayston,rgrayston6k@indiatimes.com,1893
238,Seumas,Plank,splank6l@loc.gov,7790
239,Michelina,Bolzen,mbolzen6m@rediff.com,1728
240,Kenyon,Ruddin,kruddin6n@twitter.com,6093
241,Bess,Aymes,baymes6o@seattletimes.com,1496
242,Burl,Lannen,blannen6p@example.com,4686
243,Koralle,Riordan,kriordan6q@patch.com,9493
244,Zorana,Swainston,zswainston6r@webeden.co.uk,3094
245,Bev,Biffen,bbiffen6s@wikia.com,3551
246,Tanney,Musterd,tmusterd6t@amazon.com,9308
247,Karita,Elphick,kelphick6u@diigo.com,2601
248,Tildy,Limpricht,tlimpricht6v@go.com,5112
249,Hobard,Rigts,hrigts6w@godaddy.com,176
250,Daisie,Cutchey,dcutchey6x@shutterfly.com,7948
251,Corilla,Studeart,cstudeart6y@about.com,5822
252,Abbey,Attwooll,aattwooll6z@plala.or.jp,1960
253,Dar,Seignior,dseignior70@php.net,9252
254,Mickey,Younglove,myounglove71@europa.eu,4908
255,Nealson,Sirette,nsirette72@webmd.com,8154
256,Jacquelyn,Gutcher,jgutcher73@mediafire.com,7505
257,Jillana,Skurm,jskurm74@engadget.com,6573
258,Geneva,Konig,gkonig75@cisco.com,2636
259,Greta,L'Hommee,glhommee76@issuu.com,8316
260,Mireille,Wink,mwink77@epa.gov,241
261,Andy,Errichelli,aerrichelli78@ca.gov,7911
262,Booth,Burghall,bburghall79@oakley.com,2401
263,Celestyna,Sermin,csermin7a@cornell.edu,5181
264,Carree,Bonome,cbonome7b@xrea.com,6480
265,Rey,Livard,rlivard7c@ca.gov,1559
266,Dannel,Canavan,dcanavan7d@sciencedirect.com,6459
267,Evie,Campsall,ecampsall7e@list-manage.com,6207
268,Shurlock,Dodworth,sdodworth7f@ed.gov,455
269,Ardys,Ambridge,aambridge7g@yale.edu,6549
270,Darcy,Braddock,dbraddock7h@usnews.com,8424
271,Malina,Carek,mcarek7i@php.net,8187
272,Ave,Lincey,alincey7j@uiuc.edu,1151
273,Melonie,Creenan,mcreenan7k@indiegogo.com,5371
274,Nomi,McGahern,nmcgahern7l@google.com.au,5607
275,Honor,Ernke,hernke7m@friendfeed.com,7129
276,Taite,Mayston,tmayston7n@nps.gov,9642
277,Paulie,Kirsopp,pkirsopp7o@wikimedia.org,9561
278,Briggs,Scripps,bscripps7p@mapquest.com,7356
279,Dalston,Lerway,dlerway7q@constantcontact.com,9576
280,Maddy,Horburgh,mhorburgh7r@globo.com,5305
281,Sianna,Tyce,styce7s@tuttocitta.it,3019
282,Jake,McGillreich,jmcgillreich7t@reverbnation.com,1708
283,Stearne,ducarme,sducarme7u@seesaa.net,2706
284,Linoel,Hamments,lhamments7v@slideshare.net,2052
285,Vernon,Songer,vsonger7w@gravatar.com,4666
286,Frederich,McDougle,fmcdougle7x@indiegogo.com,747
287,Amity,Gagan,agagan7y@ovh.net,6213
288,Minta,Dowe,mdowe7z@ucsd.edu,4595
289,Dalila,Ecob,decob80@howstuffworks.com,804
290,Frederick,Tissiman,ftissiman81@nyu.edu,4907
291,Lula,Di Biasio,ldibiasio82@opera.com,6098
292,Casper,Knifton,cknifton83@accuweather.com,8305
293,Marsh,Lemonby,mlemonby84@com.com,9809
294,Murry,Reeday,mreeday85@trellian.com,8295
295,Bancroft,Buntin,bbuntin86@sciencedaily.com,4965
296,Alf,Coalbran,acoalbran87@ihg.com,5992
297,Rosene,Poetz,rpoetz88@huffingtonpost.com,726
298,Rubie,Craigie,rcraigie89@scribd.com,470
299,Teodorico,Bayle,tbayle8a@chronoengine.com,5713
300,Wernher,Norval,wnorval8b@feedburner.com,6811
301,Titos,Tawn,ttawn8c@squarespace.com,5182
302,Damara,Whyte,dwhyte8d@symantec.com,2232
303,Terrel,Giordano,tgiordano8e@privacy.gov.au,6779
304,Marta,Iiannone,miiannone8f@hc360.com,5690
305,West,MacMeanma,wmacmeanma8g@de.vu,8803
306,Berkie,Coultass,bcoultass8h@ucla.edu,3515
307,Meredith,Wrightim,mwrightim8i@elegantthemes.com,3035
308,Emmott,Connerry,econnerry8j@skyrock.com,4437
309,Berte,Stratford,bstratford8k@blog.com,1741
310,Janine,Challicombe,jchallicombe8l@miitbeian.gov.cn,8153
311,Erek,Otson,eotson8m@icq.com,5775
312,Neysa,Marrian,nmarrian8n@google.es,166
313,Annamaria,Edinborough,aedinborough8o@bizjournals.com,3863
314,Honor,Wake,hwake8p@telegraph.co.uk,8289
315,Puff,Inglish,pinglish8q@gravatar.com,3561
316,Raff,Chaff,rchaff8r@hc360.com,6308
317,Pearla,Sommerly,psommerly8s@amazon.co.jp,2392
318,Cleve,Seamen,cseamen8t@is.gd,6550
319,Benjamen,Lilley,blilley8u@google.com.au,7302
320,Tye,Prott,tprott8v@twitpic.com,4349
321,Joanna,Lockie,jlockie8w@ibm.com,4940
322,Burt,Badrock,bbadrock8x@a8.net,9061
323,Maxine,Fussie,mfussie8y@dailymail.co.uk,6773
324,Taffy,Axtonne,taxtonne8z@bigcartel.com,8975
325,Joey,Alecock,jalecock90@privacy.gov.au,8505
326,Renaldo,Emmines,remmines91@ow.ly,1950
327,Ingrim,Lusgdin,ilusgdin92@rediff.com,6528
328,Diahann,Hans,dhans93@instagram.com,6725
329,Mehetabel,Willcock,mwillcock94@webmd.com,9471
330,Rania,Brickell,rbrickell95@auda.org.au,8096
331,Mar,Kinglake,mkinglake96@homestead.com,1816
332,Truda,Fensome,tfensome97@shareasale.com,2068
333,Shelby,MacShane,smacshane98@linkedin.com,3299
334,Rebeca,Tolman,rtolman99@goo.gl,2734
335,Mark,Stride,mstride9a@google.ru,9819
336,Dianemarie,Udell,dudell9b@gravatar.com,8880
337,Stuart,O' Faherty,sofaherty9c@de.vu,2952
338,Sterling,Verling,sverling9d@umich.edu,2469
339,Mandi,Ondracek,mondracek9e@myspace.com,8839
340,Boigie,Carswell,bcarswell9f@mtv.com,5158
341,Lucho,Carson,lcarson9g@sciencedirect.com,9112
342,Aurthur,Mottley,amottley9h@macromedia.com,9809
343,Glenn,Fante,gfante9i@acquirethisname.com,8120
344,Germaine,McKibben,gmckibben9j@last.fm,9480
345,Ashia,Cainey,acainey9k@blog.com,5523
346,Gaven,Edleston,gedleston9l@wufoo.com,6335
347,Teddie,Mushet,tmushet9m@wsj.com,7994
348,Marylou,Robben,mrobben9n@shinystat.com,1897
349,Nobe,Batthew,nbatthew9o@wiley.com,6077
350,Vergil,Poundsford,vpoundsford9p@yolasite.com,3763
351,Caril,Shelf,cshelf9q@free.fr,3088
352,James,Rycroft,jrycroft9r@soup.io,7783
353,Rivkah,Desforges,rdesforges9s@nature.com,2401
354,Vance,Haskur,vhaskur9t@washingtonpost.com,5301
355,Ximenez,Russell,xrussell9u@typepad.com,4261
356,Korrie,Fantham,kfantham9v@seesaa.net,6722
357,Quint,Lingfoot,qlingfoot9w@globo.com,3731
358,Madlen,Sketch,msketch9x@arstechnica.com,6475
359,Gifford,Bracer,gbracer9y@apple.com,5763
360,Angelina,Parkman,aparkman9z@adobe.com,3622
361,Corrianne,Revitt,crevitta0@merriam-webster.com,7859
362,Pearce,Weaving,pweavinga1@tripadvisor.com,4852
363,Aguie,Loney,aloneya2@umn.edu,9742
364,Kelli,Lathleiff,klathleiffa3@fastcompany.com,6167
365,Carly,Kinsman,ckinsmana4@hostgator.com,956
366,Genvieve,Lockney,glockneya5@cocolog-nifty.com,2001
367,Nelson,Tran,ntrana6@vinaora.com,3330
368,Cacilie,Nieass,cnieassa7@angelfire.com,5398
369,Georas,Maddin,gmaddina8@mashable.com,1327
370,Shannen,Wilne,swilnea9@google.com.br,8369
371,Celle,Micklewicz,cmicklewiczaa@bandcamp.com,3298
372,Lindsay,Martt,lmarttab@wired.com,1489
373,Chlo,Boni,cboniac@cyberchimps.com,5555
374,Carrol,Mungham,cmunghamad@samsung.com,5015
375,Joelly,McCarron,jmccarronae@bluehost.com,982
376,Palm,Warsop,pwarsopaf@mtv.com,601
377,Wendall,Farncombe,wfarncombeag@epa.gov,9775
378,Alfonso,Comberbach,acomberbachah@google.com.hk,2689
379,Grazia,M'Quharge,gmquhargeai@wunderground.com,4111
380,Brook,Kort,bkortaj@soup.io,8052
381,Tracey,Darley,tdarleyak@msu.edu,9051
382,Guido,Yeates,gyeatesal@nhs.uk,7441
383,Andrus,Bourrel,abourrelam@utexas.edu,7556
384,Budd,Code,bcodean@reuters.com,6631
385,Devin,Triggel,dtriggelao@reference.com,5662
386,Cleo,Corbould,ccorbouldap@nyu.edu,1393
387,Stefania,Firmage,sfirmageaq@bandcamp.com,8376
388,Lynna,Hurworth,lhurworthar@google.nl,2126
389,Gun,Sextie,gsextieas@gizmodo.com,3380
390,Julian,Hartburn,jhartburnat@gov.uk,2259
391,Hughie,Frostdicke,hfrostdickeau@merriam-webster.com,6745
392,Cristal,Elliot,celliotav@opera.com,2317
393,Verney,Baldock,vbaldockaw@weibo.com,3282
394,Benoit,Lettice,bletticeax@chron.com,8386
395,Shawn,Clark,sclarkay@pen.io,9896
396,Aharon,Espinoza,aespinozaaz@stanford.edu,1719
397,Elspeth,Menhenitt,emenhenittb0@yandex.ru,4781
398,Christean,Boucher,cboucherb1@vk.com,5949
399,Aksel,Grunguer,agrunguerb2@tinypic.com,7683
400,Wynn,Lipgens,wlipgensb3@bravesites.com,6318
401,Valaria,Ellerbeck,vellerbeckb4@baidu.com,1220
402,Dav,Vittore,dvittoreb5@squarespace.com,4192
403,Joli,Jaan,jjaanb6@wufoo.com,7867
404,Wallas,Tofful,wtoffulb7@sphinn.com,9085
405,Den,Scotcher,dscotcherb8@com.com,271
406,Viva,Ilson,vilsonb9@washingtonpost.com,1505
407,Earlie,Sidnall,esidnallba@usatoday.com,2451
408,Patric,Lathleiff,plathleiffbb@angelfire.com,4100
409,Stephani,Christofle,schristoflebc@deviantart.com,940
410,Karla,Heynen,kheynenbd@earthlink.net,6844
411,Easter,Craister,ecraisterbe@deviantart.com,5346
412,Doretta,Jarman,djarmanbf@exblog.jp,5988
413,Adelbert,Hume,ahumebg@webeden.co.uk,5456
414,Kelley,Jendrassik,kjendrassikbh@globo.com,1894
415,Rowe,McCosh,rmccoshbi@nationalgeographic.com,7094
416,Marge,Dymick,mdymickbj@blog.com,651
417,Stafani,Woolbrook,swoolbrookbk@usa.gov,6066
418,Ronny,Thames,rthamesbl@ftc.gov,3364
419,Alexandr,Rosencrantz,arosencrantzbm@icio.us,524
420,Madge,Gerling,mgerlingbn@pbs.org,4827
421,Ezekiel,Pound,epoundbo@linkedin.com,3286
422,Nada,Debenham,ndebenhambp@cnn.com,2543
423,Angy,Yurukhin,ayurukhinbq@wikispaces.com,5067
424,Iona,Leopold,ileopoldbr@noaa.gov,8079
425,Major,Gaucher,mgaucherbs@seattletimes.com,2841
426,Jeddy,Siehard,jsiehardbt@sitemeter.com,5612
427,Alic,Franzonetti,afranzonettibu@over-blog.com,7191
428,Janot,Blackeby,jblackebybv@webs.com,8931
429,Lay,Alberts,lalbertsbw@msn.com,362
430,Ara,Jannasch,ajannaschbx@wikia.com,4581
431,Raynard,Britch,rbritchby@cafepress.com,4792
432,Babara,Scoles,bscolesbz@howstuffworks.com,4846
433,Olia,La Vigne,olavignec0@chicagotribune.com,2377
434,Kerrie,Olifaunt,kolifauntc1@utexas.edu,9516
435,Dallis,Rennock,drennockc2@imdb.com,5042
436,Gerome,Burrus,gburrusc3@thetimes.co.uk,8200
437,Astrid,Seaking,aseakingc4@example.com,4502
438,Mara,Casel,mcaselc5@irs.gov,4903
439,Matilda,Bramall,mbramallc6@people.com.cn,9208
440,Morry,Andresser,mandresserc7@nymag.com,4609
441,Fidelia,Gusticke,fgustickec8@yellowpages.com,5886
442,Lemmie,Porson,lporsonc9@economist.com,7615
443,Christie,Bootton,cboottonca@archive.org,169
444,Cully,Rable,crablecb@weebly.com,3724
445,Carolee,Towsey,ctowseycc@zimbio.com,7660
446,Margarete,Wevell,mwevellcd@icq.com,6514
447,Rainer,Gethins,rgethinsce@ftc.gov,5178
448,Natalee,Hounson,nhounsoncf@pcworld.com,8268
449,Prentiss,McBeth,pmcbethcg@canalblog.com,7821
450,Hali,Fairhurst,hfairhurstch@engadget.com,777
451,Gunilla,Adnett,gadnettci@woothemes.com,5645
452,Brock,Cunniff,bcunniffcj@ustream.tv,63
453,Anya,Mapledorum,amapledorumck@go.com,6200
454,Tait,Pues,tpuescl@economist.com,5961
455,Devonna,Morsom,dmorsomcm@dagondesign.com,2868
456,Else,Jaqueme,ejaquemecn@dot.gov,4112
457,Phillis,Haddow,phaddowco@yellowbook.com,4299
458,Jamie,Mabone,jmabonecp@php.net,2587
459,Abraham,Dagless,adaglesscq@auda.org.au,1530
460,Haroun,Berlin,hberlincr@qq.com,8319
461,Ryan,Oakeby,roakebycs@rakuten.co.jp,6473
462,Aubrey,Eede,aeedect@weibo.com,4843
463,Joel,Pervew,jpervewcu@dagondesign.com,9375
464,Rodina,Glandon,rglandoncv@mashable.com,7766
465,Barty,Sang,bsangcw@springer.com,7539
466,Amby,Ring,aringcx@illinois.edu,9703
467,Bobbie,Shenfisch,bshenfischcy@gizmodo.com,9978
468,Jon,Peat,jpeatcz@marketwatch.com,9286
469,Ibby,Slatcher,islatcherd0@eepurl.com,4515
470,Hinda,Pendell,hpendelld1@admin.ch,9809
471,Charlot,Hatrey,chatreyd2@admin.ch,4747
472,Horacio,Poulett,hpoulettd3@cdbaby.com,3992
473,Maynard,Vickors,mvickorsd4@mapy.cz,8053
474,Toby,Mc Dermid,tmcdermidd5@irs.gov,506
475,Waylan,Whitby,wwhitbyd6@4shared.com,8354
476,Lucias,Gosselin,lgosselind7@amazon.de,3340
477,Gilburt,Croser,gcroserd8@japanpost.jp,8878
478,Eadith,Pic,epicd9@kickstarter.com,1875
479,Patty,Stanyer,pstanyerda@indiatimes.com,4716
480,Marcelline,Fonquernie,mfonquerniedb@vkontakte.ru,4270
481,Dian,Leggitt,dleggittdc@furl.net,8633
482,Raquela,Shakespeare,rshakespearedd@npr.org,4864
483,Clementius,McKibben,cmckibbende@webeden.co.uk,8567
484,Gonzalo,Sommerland,gsommerlanddf@technorati.com,7225
485,Davon,Carress,dcarressdg@ucla.edu,479
486,Chery,Legg,cleggdh@artisteer.com,796
487,May,Sekulla,msekulladi@zdnet.com,7803
488,Karlee,Lodo,klododj@google.co.jp,7740
489,Frederic,Czajka,fczajkadk@moonfruit.com,4345
490,Giles,Haining,ghainingdl@google.co.uk,4882
491,Halsy,Fishleigh,hfishleighdm@vinaora.com,7539
492,Monti,Rosel,mroseldn@ftc.gov,9016
493,Ruthann,Liddle,rliddledo@webnode.com,406
494,Jenelle,Tradewell,jtradewelldp@psu.edu,7017
495,Nicki,Lind,nlinddq@miibeian.gov.cn,4006
496,Valerie,Baron,vbarondr@newsvine.com,4494
497,Orelie,McCoish,omccoishds@dmoz.org,6779
498,Marietta,Heninghem,mheninghemdt@answers.com,4363
499,Zondra,Caville,zcavilledu@techcrunch.com,1414
500,Angela,Ashpole,aashpoledv@amazon.co.jp,1406
501,Fran,Wetwood,fwetwooddw@bing.com,7454
502,Eran,Joan,ejoandx@drupal.org,3732
503,Becca,Babonau,bbabonaudy@rakuten.co.jp,6174
504,Marsh,Cranmore,mcranmoredz@dyndns.org,3183
505,Bing,Paulsen,bpaulsene0@gnu.org,3765
506,Luz,Deeks,ldeekse1@skype.com,2797
507,Dori,Donn,ddonne2@stanford.edu,6470
508,Judas,Stoffer,jstoffere3@cpanel.net,4606
509,Sanderson,Blanpein,sblanpeine4@linkedin.com,3363
510,Barn,Giroldi,bgiroldie5@dropbox.com,7151
511,Angelle,Lauritsen,alauritsene6@weibo.com,393
512,Luise,Kermeen,lkermeene7@comcast.net,9784
513,Aubrey,Endon,aendone8@odnoklassniki.ru,7008
514,Wally,Longmuir,wlongmuire9@gmpg.org,2733
515,Eileen,Boome,eboomeea@prlog.org,2932
516,Rice,Belz,rbelzeb@github.com,1014
517,Price,Aucourte,paucourteec@spotify.com,1836
518,Renato,Tweedlie,rtweedlieed@woothemes.com,7366
519,Marta,Carlozzi,mcarlozziee@baidu.com,4255
520,Jemmie,Dionisi,jdionisief@ameblo.jp,4107
521,Micky,Nodes,mnodeseg@t.co,479
522,Ansel,Catlin,acatlineh@vkontakte.ru,1401
523,Billy,Nicolls,bnicollsei@canalblog.com,8654
524,Gregor,Pahlsson,gpahlssonej@spotify.com,7922
525,Zachariah,Corsham,zcorshamek@reverbnation.com,8220
526,Joellen,Prendiville,jprendivilleel@vinaora.com,9598
527,Joice,Jacobs,jjacobsem@cmu.edu,9964
528,Else,Redihough,eredihoughen@shareasale.com,4580
529,Amos,Coldman,acoldmaneo@godaddy.com,8956
530,Dominique,Stoggles,dstogglesep@uiuc.edu,3934
531,Padraic,Drain,pdraineq@trellian.com,7290
532,Adelina,Boylin,aboyliner@wired.com,6669
533,Gaspard,Candish,gcandishes@xinhuanet.com,3970
534,Barnebas,Shrubb,bshrubbet@goo.ne.jp,1354
535,Renard,Jiles,rjileseu@mlb.com,6090
536,Abbot,Scimone,ascimoneev@macromedia.com,991
537,Lotty,Figures,lfiguresew@amazon.co.jp,543
538,Toiboid,Kayne,tkayneex@51.la,736
539,Lonee,Burstow,lburstowey@blogger.com,7128
540,Dusty,Boome,dboomeez@surveymonkey.com,8930
541,Brandon,Viall,bviallf0@fotki.com,3282
542,Gunar,Dungate,gdungatef1@zimbio.com,4363
543,Shell,Berthot,sberthotf2@typepad.com,2680
544,Marylou,Tapson,mtapsonf3@vistaprint.com,3382
545,Euell,Rontree,erontreef4@nih.gov,1649
546,Noreen,Larrington,nlarringtonf5@mediafire.com,8858
547,Alvera,Linnit,alinnitf6@plala.or.jp,7308
548,Arvie,Argont,aargontf7@digg.com,9161
549,Ronald,Ship,rshipf8@clickbank.net,5473
550,Bili,Coleson,bcolesonf9@miibeian.gov.cn,3738
551,Gael,Arguile,garguilefa@unc.edu,472
552,Benjamin,Trenoweth,btrenowethfb@cam.ac.uk,6028
553,Micky,Croome,mcroomefc@marketwatch.com,8078
554,Darrick,Orris,dorrisfd@myspace.com,2662
555,Cheryl,Muddicliffe,cmuddicliffefe@soundcloud.com,113
556,Mendel,Blincow,mblincowff@shop-pro.jp,1545
557,Sibyl,Berry,sberryfg@uol.com.br,4092
558,Mead,Smewings,msmewingsfh@jimdo.com,8835
559,Kayne,Hargerie,khargeriefi@woothemes.com,6192
560,Courtenay,Rowland,crowlandfj@sitemeter.com,9507
561,Salim,Gingles,sginglesfk@addtoany.com,1274
562,Sam,Brum,sbrumfl@nsw.gov.au,668
563,Timothee,Crust,tcrustfm@over-blog.com,8415
564,Garrek,Mytton,gmyttonfn@yandex.ru,6206
565,Fremont,Crowder,fcrowderfo@foxnews.com,4696
566,Ofella,Harriday,oharridayfp@exblog.jp,6504
567,Alvie,Golds,agoldsfq@yelp.com,260
568,Alfie,Roderham,aroderhamfr@51.la,865
569,Zahara,Gouly,zgoulyfs@networksolutions.com,1686
570,Ozzie,Billany,obillanyft@wsj.com,428
571,Elsa,Storrock,estorrockfu@slate.com,5650
572,Annissa,Casari,acasarifv@google.de,6616
573,Justen,Duckels,jduckelsfw@sohu.com,9096
574,Moses,Fyall,mfyallfx@pinterest.com,6462
575,Misty,Goring,mgoringfy@omniture.com,9954
576,Benny,Sebrook,bsebrookfz@nasa.gov,3387
577,Riobard,Giraudou,rgiraudoug0@youtu.be,2199
578,Claudette,Skeemor,cskeemorg1@opera.com,9643
579,Demetris,Yurkevich,dyurkevichg2@furl.net,2303
580,Florenza,Batchelder,fbatchelderg3@multiply.com,6454
581,Olia,Bertomier,obertomierg4@sohu.com,9495
582,Meridel,Van den Dael,mvandendaelg5@bbc.co.uk,7441
583,Lucille,Server,lserverg6@twitpic.com,8337
584,Veradis,Trees,vtreesg7@weebly.com,722
585,Moise,MacCheyne,mmaccheyneg8@goo.ne.jp,7586
586,Hamid,Jaquest,hjaquestg9@addtoany.com,9278
587,Perry,Gensavage,pgensavagega@instagram.com,2707
588,Stafford,Kisar,skisargb@blog.com,140
589,Garwin,Grisbrook,ggrisbrookgc@yahoo.co.jp,2959
590,De witt,Renvoise,drenvoisegd@theatlantic.com,5279
591,Kent,Forrest,kforrestge@theguardian.com,247
592,Annadiane,Loukes,aloukesgf@edublogs.org,3660
593,Connor,Laxtonne,claxtonnegg@slideshare.net,1626
594,Leigh,Kirtley,lkirtleygh@mediafire.com,7611
595,Vivien,Vasilov,vvasilovgi@meetup.com,2874
596,Riane,Henniger,rhennigergj@chron.com,6748
597,Barry,Glanton,bglantongk@jiathis.com,8599
598,Meredith,Dunlap,mdunlapgl@bravesites.com,8338
599,Letty,Mitton,lmittongm@jimdo.com,1544
600,Brennen,O'Regan,boregangn@tripadvisor.com,1377
601,Curt,Wasson,cwassongo@europa.eu,1743
602,Hurlee,Tidbury,htidburygp@berkeley.edu,4337
603,Katrina,Broxis,kbroxisgq@hibu.com,2081
604,Lyssa,Scopham,lscophamgr@ihg.com,7856
605,Reidar,Underdown,runderdowngs@addthis.com,124
606,Jessee,Cansfield,jcansfieldgt@washington.edu,5122
607,Vivian,Whilde,vwhildegu@cnbc.com,3909
608,Gris,Donneely,gdonneelygv@gravatar.com,2297
609,Dan,Cartlidge,dcartlidgegw@flavors.me,9488
610,Reta,Wickwar,rwickwargx@slate.com,6963
611,Brodie,Creany,bcreanygy@bandcamp.com,1241
612,Georgeanne,Duesbury,gduesburygz@facebook.com,3081
613,Norina,Brien,nbrienh0@live.com,452
614,Lila,Knight,lknighth1@is.gd,3713
615,Giacopo,Terrett,gterretth2@reverbnation.com,3670
616,Jamima,Griffe,jgriffeh3@ovh.net,4868
617,Celine,Lancastle,clancastleh4@ucla.edu,1765
618,Lilah,Grassett,lgrassetth5@businessinsider.com,7821
619,Henka,Perillo,hperilloh6@deliciousdays.com,7446
620,Lockwood,Doggrell,ldoggrellh7@arstechnica.com,4212
621,Danica,Braferton,dbrafertonh8@youku.com,2662
622,Roddie,Esmead,resmeadh9@imgur.com,2137
623,Filide,Mallabon,fmallabonha@fema.gov,9591
624,Emmalynne,Pinwell,epinwellhb@slashdot.org,799
625,Mabel,Davie,mdaviehc@mlb.com,6366
626,Sybyl,Bilverstone,sbilverstonehd@flavors.me,6041
627,Umberto,Paske,upaskehe@dailymotion.com,2154
628,Prescott,Cary,pcaryhf@apple.com,4357
629,Percival,Shorthill,pshorthillhg@a8.net,7057
630,Holly,Tomson,htomsonhh@163.com,4685
631,Thebault,Lode,tlodehi@symantec.com,7443
632,Sarge,Lemmertz,slemmertzhj@home.pl,1719
633,Matthias,Dovidaitis,mdovidaitishk@sohu.com,9266
634,Faydra,Skryne,fskrynehl@smugmug.com,8962
635,Linzy,Ketteringham,lketteringhamhm@apple.com,6259
636,Melisa,Vasyukov,mvasyukovhn@wisc.edu,6412
637,Ardelia,Fairney,afairneyho@biblegateway.com,8787
638,Westleigh,Taudevin,wtaudevinhp@naver.com,9640
639,Reade,Brolan,rbrolanhq@scribd.com,3472
640,Schuyler,Bilfoot,sbilfoothr@freewebs.com,4104
641,Theo,Highman,thighmanhs@usnews.com,7587
642,Sloan,Brise,sbriseht@newyorker.com,8465
643,Niki,Lees,nleeshu@yelp.com,2163
644,Timmy,Reany,treanyhv@marriott.com,2141
645,Dal,Edginton,dedgintonhw@nature.com,5586
646,Alikee,Aizkovitch,aaizkovitchhx@statcounter.com,5157
647,Kata,Dennerley,kdennerleyhy@google.com.au,432
648,Roseanne,Windous,rwindoushz@opensource.org,848
649,Therine,McShane,tmcshanei0@nba.com,9619
650,May,Gai,mgaii1@mozilla.com,3718
651,Kaspar,Petracco,kpetraccoi2@oracle.com,3182
652,Lula,Blazewski,lblazewskii3@samsung.com,6693
653,Kristian,Robeson,krobesoni4@ebay.com,8578
654,Devland,Dayly,ddaylyi5@webmd.com,3328
655,Natal,Venart,nvenarti6@unblog.fr,6041
656,Avivah,Abrahamsen,aabrahamseni7@example.com,8010
657,Adiana,Alven,aalveni8@slate.com,9888
658,Sherm,Jerams,sjeramsi9@engadget.com,6813
659,Free,Reeman,freemania@wikimedia.org,8077
660,Maressa,Garside,mgarsideib@4shared.com,8352
661,Doralin,Jiles,djilesic@squarespace.com,3875
662,Avrit,Gregs,agregsid@opensource.org,9078
663,Deloris,Breton,dbretonie@si.edu,2801
664,Anthe,Brettle,abrettleif@mozilla.com,968
665,Hamlin,Lampens,hlampensig@soundcloud.com,9914
666,Hi,Maharey,hmahareyih@exblog.jp,8210
667,Aprilette,Litherborough,alitherboroughii@wikimedia.org,1604
668,Woodie,Brideau,wbrideauij@shinystat.com,9196
669,Sully,Abrahamovitz,sabrahamovitzik@usda.gov,5993
670,Merry,Chick,mchickil@umich.edu,3269
671,Marguerite,Helliwell,mhelliwellim@gravatar.com,4517
672,Jacob,Sedgmond,jsedgmondin@globo.com,3950
673,Corey,Scemp,cscempio@msu.edu,1917
674,Benson,Hourstan,bhourstanip@adobe.com,8809
675,Kirk,Prestwich,kprestwichiq@alibaba.com,8036
676,Jermaine,Brantzen,jbrantzenir@squidoo.com,9195
677,Morley,Kiernan,mkiernanis@people.com.cn,2691
678,Keriann,Grantham,kgranthamit@abc.net.au,4094
679,Delphine,McDoual,dmcdoualiu@dmoz.org,8786
680,Kipp,Strass,kstrassiv@tuttocitta.it,1794
681,Gustavus,Carswell,gcarswelliw@goo.gl,8022
682,Leora,Skedgell,lskedgellix@mlb.com,309
683,Rodina,Grummitt,rgrummittiy@aol.com,4722
684,Louisa,Howels,lhowelsiz@mayoclinic.com,1875
685,Hanny,Haslam,hhaslamj0@earthlink.net,3415
686,Spence,Sweeten,ssweetenj1@umn.edu,9689
687,Joseph,Timson,jtimsonj2@wisc.edu,7618
688,Rudolf,Schohier,rschohierj3@miibeian.gov.cn,4372
689,Sutherlan,Waddup,swaddupj4@addtoany.com,5884
690,Kaye,Melmeth,kmelmethj5@wordpress.org,3747
691,Kerrin,Waterhouse,kwaterhousej6@discovery.com,8765
692,Teddie,Mervyn,tmervynj7@tmall.com,3899
693,Marysa,Berggren,mberggrenj8@theguardian.com,9278
694,Nat,Heppner,nheppnerj9@baidu.com,7706
695,Josepha,Dowdell,jdowdellja@barnesandnoble.com,9507
696,Nelly,Ashborne,nashbornejb@cpanel.net,718
697,Martainn,Curryer,mcurryerjc@squidoo.com,5313
698,Izak,Le Gall,ilegalljd@ifeng.com,4289
699,Lenore,Bladge,lbladgeje@wiley.com,4631
700,Marcelia,Gilbart,mgilbartjf@cafepress.com,1573
701,Reynold,Annetts,rannettsjg@jigsy.com,7719
702,Benny,Iacopo,biacopojh@cornell.edu,7834
703,Cherey,Brawson,cbrawsonji@baidu.com,3956
704,Benni,Cassell,bcasselljj@freewebs.com,4046
705,Waylon,Lisle,wlislejk@bbc.co.uk,1733
706,Adam,Adie,aadiejl@delicious.com,3957
707,Pandora,Ondrus,pondrusjm@ning.com,5757
708,Kaitlynn,Cansdale,kcansdalejn@springer.com,1375
709,Neda,Bruckmann,nbruckmannjo@technorati.com,3499
710,Jock,Djorvic,jdjorvicjp@studiopress.com,4185
711,Shandeigh,MacClure,smacclurejq@virginia.edu,1887
712,Barnabas,MacLaren,bmaclarenjr@intel.com,9948
713,Cary,Kensley,ckensleyjs@wunderground.com,5951
714,Alfy,Blue,abluejt@auda.org.au,3838
715,Heriberto,Kinvan,hkinvanju@thetimes.co.uk,7994
716,Viv,Wolseley,vwolseleyjv@cbc.ca,4777
717,Teodoor,Slipper,tslipperjw@studiopress.com,4933
718,Sebastian,Bevar,sbevarjx@elegantthemes.com,9779
719,Rosalynd,Verbrugghen,rverbrugghenjy@deliciousdays.com,2436
720,Freddy,Denisevich,fdenisevichjz@wikispaces.com,9358
721,Judon,Silcocks,jsilcocksk0@ustream.tv,4704
722,Yasmeen,Burthom,yburthomk1@house.gov,5333
723,Josey,Sitwell,jsitwellk2@about.com,1735
724,Dannie,Golly,dgollyk3@arizona.edu,6709
725,Anetta,Broggio,abroggiok4@nsw.gov.au,1701
726,Barty,Belli,bbellik5@engadget.com,8441
727,Leda,Alp,lalpk6@tumblr.com,2117
728,Opal,Bulfoy,obulfoyk7@t.co,433
729,Kev,Mullin,kmullink8@accuweather.com,3704
730,Turner,Southwick,tsouthwickk9@odnoklassniki.ru,4146
731,Vasili,Semble,vsembleka@cpanel.net,6877
732,Sandye,Huston,shustonkb@yahoo.com,2039
733,Gisella,Measor,gmeasorkc@example.com,1710
734,Jonathon,Thebe,jthebekd@chicagotribune.com,2187
735,Tine,Wooderson,twoodersonke@addtoany.com,3281
736,David,Jurczik,djurczikkf@irs.gov,9769
737,Dolli,Fermor,dfermorkg@amazon.co.uk,9039
738,Ruperta,Northing,rnorthingkh@aol.com,8311
739,Gretta,Venning,gvenningki@dell.com,7444
740,Brannon,Child,bchildkj@mediafire.com,4963
741,Willem,Hame,whamekk@pbs.org,9359
742,Iver,Pasque,ipasquekl@wufoo.com,3376
743,Rosemonde,Winterscale,rwinterscalekm@home.pl,8285
744,Hans,Yoseloff,hyoseloffkn@whitehouse.gov,6860
745,Kalindi,Ripley,kripleyko@tinyurl.com,2481
746,Sigfried,Nash,snashkp@businesswire.com,5652
747,Derwin,Duthy,dduthykq@marriott.com,825
748,My,Daftor,mdaftorkr@state.gov,3339
749,Trudi,Kielty,tkieltyks@xinhuanet.com,4288
750,Murdoch,Hulbert,mhulbertkt@sun.com,369
751,Reade,Hinrichs,rhinrichsku@army.mil,2800
752,Gwendolen,Munns,gmunnskv@ox.ac.uk,1486
753,Dulcy,Shulver,dshulverkw@amazon.com,6029
754,Ingaborg,Sudell,isudellkx@seesaa.net,9326
755,Agace,Burberry,aburberryky@scientificamerican.com,947
756,Gerhardt,Clibbery,gclibberykz@skyrock.com,1605
757,Pippo,Goolding,pgooldingl0@eventbrite.com,3801
758,Chelsy,Greatrakes,cgreatrakesl1@cnet.com,2542
759,Adrien,Clitherow,aclitherowl2@cmu.edu,7471
760,Neall,Stenyng,nstenyngl3@mapquest.com,8427
761,Michele,Lyvon,mlyvonl4@mapquest.com,464
762,Katrine,Jagger,kjaggerl5@jalbum.net,8396
763,Lise,Levis,llevisl6@bing.com,7755
764,Kahaleel,Dulany,kdulanyl7@ft.com,7437
765,Filberto,Cowdroy,fcowdroyl8@shareasale.com,3242
766,Tammara,Baylay,tbaylayl9@mapquest.com,347
767,Garnette,Foxhall,gfoxhallla@state.tx.us,440
768,Filmer,Collister,fcollisterlb@rambler.ru,5443
769,Fidelity,Roux,frouxlc@goodreads.com,8576
770,Carlotta,Gude,cgudeld@4shared.com,3052
771,Christen,Hedditch,chedditchle@digg.com,9467
772,Virginie,Killiner,vkillinerlf@ebay.co.uk,672
773,Raphaela,Coombes,rcoombeslg@amazon.co.uk,4376
774,Glenn,Ducker,gduckerlh@mediafire.com,5028
775,Hortense,Aldhous,haldhousli@chron.com,228
776,Nancie,Hampton,nhamptonlj@ask.com,7383
777,Porter,Foxten,pfoxtenlk@histats.com,2580
778,Tadeo,Bellworthy,tbellworthyll@geocities.jp,7632
779,Taddeo,Plumbley,tplumbleylm@people.com.cn,5168
780,Janos,Sandys,jsandysln@bigcartel.com,8008
781,Rosemary,Loton,rlotonlo@newsvine.com,946
782,Armin,Markwick,amarkwicklp@state.gov,5
783,Luci,McLaggan,lmclagganlq@behance.net,4746
784,Abbie,Starte,astartelr@virginia.edu,768
785,Coraline,Ladewig,cladewigls@yahoo.com,9995
786,Leighton,Hallihane,lhallihanelt@latimes.com,51
787,Emmy,Digginson,edigginsonlu@blogtalkradio.com,2548
788,Reinold,Galgey,rgalgeylv@sourceforge.net,8454
789,Agnes,Pennyman,apennymanlw@pcworld.com,8590
790,Sayers,Gosdin,sgosdinlx@theguardian.com,4478
791,Kaela,Prodrick,kprodrickly@xing.com,6282
792,Yolane,Lancastle,ylancastlelz@friendfeed.com,1219
793,Andonis,Jewks,ajewksm0@simplemachines.org,5562
794,Tabor,Matias,tmatiasm1@over-blog.com,9628
795,Cleavland,Excell,cexcellm2@nifty.com,6552
796,Xerxes,Javes,xjavesm3@pcworld.com,1650
797,Helyn,Van Cassel,hvancasselm4@uol.com.br,879
798,Mikaela,Carneck,mcarneckm5@vistaprint.com,2852
799,Nicola,McDunlevy,nmcdunlevym6@live.com,6503
800,Athena,Mattin,amattinm7@de.vu,4583
801,Kellia,Grishaev,kgrishaevm8@usatoday.com,5762
802,Rona,Town,rtownm9@wsj.com,5250
803,Ardelis,Dollar,adollarma@jimdo.com,6178
804,Bartel,Cansdell,bcansdellmb@geocities.com,5389
805,Creighton,Exon,cexonmc@vkontakte.ru,2169
806,Ariel,Lodeke,alodekemd@china.com.cn,1613
807,Ainsley,Balog,abalogme@ox.ac.uk,3937
808,Honoria,McIlriach,hmcilriachmf@bizjournals.com,5393
809,Veronica,Burwin,vburwinmg@indiatimes.com,6646
810,Florenza,Gissing,fgissingmh@dmoz.org,4519
811,Ingaberg,Stearns,istearnsmi@earthlink.net,1131
812,Madelin,Iverson,miversonmj@mashable.com,8077
813,Lyndy,Sercombe,lsercombemk@icio.us,7173
814,Oralee,Terrett,oterrettml@craigslist.org,2728
815,Octavius,Chorley,ochorleymm@wikipedia.org,7984
816,Umberto,Petyankin,upetyankinmn@army.mil,6636
817,Rose,Fearnyhough,rfearnyhoughmo@craigslist.org,4609
818,Fay,Ferne,ffernemp@usnews.com,9849
819,Else,Breache,ebreachemq@tripadvisor.com,9186
820,Garth,Kliemchen,gkliemchenmr@t-online.de,84
821,Dewain,Ianizzi,dianizzims@live.com,3963
822,Flossi,Yurevich,fyurevichmt@mysql.com,7841
823,Shaylynn,McMenemy,smcmenemymu@umich.edu,352
824,Lemuel,Bodycote,lbodycotemv@omniture.com,9801
825,Buiron,Gowlett,bgowlettmw@hatena.ne.jp,1239
826,Thoma,Slafford,tslaffordmx@sciencedirect.com,7201
827,Hilario,Spini,hspinimy@acquirethisname.com,4504
828,Arlyn,Metham,amethammz@google.it,8874
829,Wyatt,Bassilashvili,wbassilashvilin0@intel.com,2510
830,Annmarie,Singers,asingersn1@webeden.co.uk,366
831,Bo,Castard,bcastardn2@usa.gov,4373
832,Bart,Lomb,blombn3@gnu.org,7839
833,Elinor,Rubinowitz,erubinowitzn4@foxnews.com,4164
834,Alfie,Tuther,atuthern5@wisc.edu,6370
835,Nevile,Birtles,nbirtlesn6@fda.gov,5620
836,Netty,Atling,natlingn7@alexa.com,322
837,Bart,Brunelli,bbrunellin8@comcast.net,1049
838,Merrielle,Parker,mparkern9@whitehouse.gov,2807
839,Carmita,Bellhouse,cbellhousena@gov.uk,6813
840,Casey,Padula,cpadulanb@telegraph.co.uk,4022
841,Fredrick,Kopisch,fkopischnc@altervista.org,1628
842,Gnni,Dufoure,gdufourend@tripod.com,5506
843,Quinn,Stiven,qstivenne@discuz.net,3308
844,Dodi,Keneford,dkenefordnf@nbcnews.com,9042
845,Aubrey,Longland,alonglandng@google.com.hk,9696
846,Sharai,Oxtiby,soxtibynh@macromedia.com,8230
847,Portie,Denness,pdennessni@telegraph.co.uk,3019
848,Christyna,Greensides,cgreensidesnj@vimeo.com,4432
849,Jammal,Humm,jhummnk@hao123.com,3395
850,Moore,Piddocke,mpiddockenl@gizmodo.com,5529
851,Jazmin,Weld,jweldnm@msn.com,5061
852,Sisely,McAree,smcareenn@csmonitor.com,3169
853,Martguerita,Imore,mimoreno@sciencedaily.com,1364
854,Deloris,McKnockiter,dmcknockiternp@harvard.edu,4884
855,Enrika,Plumbley,eplumbleynq@ted.com,8589
856,Seka,Harrowsmith,sharrowsmithnr@si.edu,2133
857,Oralee,Atwell,oatwellns@linkedin.com,6076
858,Randolph,Cherry,rcherrynt@so-net.ne.jp,9974
859,Georgina,Winder,gwindernu@google.cn,2421
860,Kermie,Dunston,kdunstonnv@state.tx.us,4605
861,Danny,Ingham,dinghamnw@goo.gl,8347
862,Georgeanna,Showte,gshowtenx@ftc.gov,4750
863,Isaac,Hattigan,ihattiganny@so-net.ne.jp,9814
864,Bryn,Sedgmond,bsedgmondnz@weibo.com,9838
865,Randi,McIntee,rmcinteeo0@mozilla.org,496
866,Paxton,Izzett,pizzetto1@phpbb.com,6394
867,Muffin,Mahady,mmahadyo2@dropbox.com,7927
868,Karisa,Egdale,kegdaleo3@w3.org,8032
869,Nina,Aldren,naldreno4@sitemeter.com,1737
870,Daffi,Southby,dsouthbyo5@addtoany.com,1617
871,Tadd,Kirley,tkirleyo6@lycos.com,3622
872,Mona,Beville,mbevilleo7@qq.com,6445
873,Peggy,Mitham,pmithamo8@google.cn,8318
874,Tremain,Schoffel,tschoffelo9@aol.com,8254
875,Brenda,Wennam,bwennamoa@sphinn.com,4716
876,Brandise,Challener,bchallenerob@gmpg.org,7647
877,Cinnamon,Rose,croseoc@ucoz.com,5507
878,Gorden,Margaritelli,gmargaritelliod@patch.com,4842
879,Tracie,Tudor,ttudoroe@miitbeian.gov.cn,999
880,Kylen,Muriel,kmurielof@java.com,8621
881,Shurwood,Croley,scroleyog@apache.org,4444
882,Vincent,Turbern,vturbernoh@google.cn,6256
883,Dorry,Yesipov,dyesipovoi@liveinternet.ru,3543
884,Ealasaid,Stathers,estathersoj@spotify.com,4249
885,Bathsheba,Seebright,bseebrightok@usda.gov,2055
886,Sinclare,Housaman,shousamanol@nytimes.com,2056
887,Karylin,Climance,kclimanceom@meetup.com,5653
888,Gustave,Grzeszczyk,ggrzeszczykon@quantcast.com,5929
889,Elinore,Dabernott,edabernottoo@noaa.gov,2148
890,Nolan,Hillborne,nhillborneop@alexa.com,958
891,Cchaddie,Towe,ctoweoq@google.pl,5535
892,Alejoa,Sheeran,asheeranor@exblog.jp,925
893,Chastity,Wayper,cwayperos@oakley.com,9362
894,Willey,Paulmann,wpaulmannot@alibaba.com,495
895,Muire,Chatteris,mchatterisou@phpbb.com,929
896,Cherin,Pontain,cpontainov@un.org,6148
897,Bobby,Selwood,bselwoodow@wiley.com,5647
898,Kean,Slight,kslightox@elpais.com,4754
899,Estell,Rodrig,erodrigoy@java.com,8446
900,Jewelle,Hartless,jhartlessoz@upenn.edu,5955
901,Tobe,Ruppertz,truppertzp0@nbcnews.com,7150
902,Rhodie,Aldam,raldamp1@wisc.edu,4898
903,Layton,Beckenham,lbeckenhamp2@elpais.com,4689
904,Jefferey,Malarkey,jmalarkeyp3@yahoo.co.jp,5658
905,Eli,Broseke,ebrosekep4@netscape.com,2008
906,Ethan,Longstreet,elongstreetp5@xrea.com,152
907,Daren,Moorcroft,dmoorcroftp6@fotki.com,5613
908,Alida,Gonsalvez,agonsalvezp7@ask.com,3390
909,Hebert,Tordoff,htordoffp8@lulu.com,9614
910,Dominga,Silber,dsilberp9@phpbb.com,6409
911,Nickie,Budgey,nbudgeypa@yellowpages.com,149
912,Hazlett,MacScherie,hmacscheriepb@cdc.gov,5807
913,Selena,Adamec,sadamecpc@xing.com,7218
914,Gretta,Semmens,gsemmenspd@nsw.gov.au,3558
915,Julita,Triplett,jtriplettpe@pbs.org,7896
916,Bernarr,Ehlerding,behlerdingpf@dion.ne.jp,6711
917,Vitia,Seakings,vseakingspg@buzzfeed.com,7016
918,Jannel,Sayers,jsayersph@princeton.edu,1102
919,Trumann,Troctor,ttroctorpi@github.com,8057
920,Dorree,Neath,dneathpj@umich.edu,4655
921,Butch,Giff,bgiffpk@prnewswire.com,6423
922,Jakie,Medlar,jmedlarpl@narod.ru,9336
923,Avie,Pumphreys,apumphreyspm@photobucket.com,9104
924,Lief,Aleksahkin,laleksahkinpn@reddit.com,2733
925,Darb,Gillow,dgillowpo@wix.com,1780
926,Luelle,Augie,laugiepp@google.es,9958
927,Adelheid,Firbank,afirbankpq@ovh.net,7236
928,Susana,McJarrow,smcjarrowpr@illinois.edu,5705
929,Mile,Korejs,mkorejsps@angelfire.com,3763
930,Roddie,Whaymand,rwhaymandpt@jiathis.com,9957
931,Welch,Heddy,wheddypu@wunderground.com,9178
932,Rowland,Mabbs,rmabbspv@mapquest.com,1613
933,Thomasine,Pendrick,tpendrickpw@list-manage.com,9088
934,Felic,Caddan,fcaddanpx@miibeian.gov.cn,909
935,Pall,Dooly,pdoolypy@cocolog-nifty.com,2516
936,Terrie,Matanin,tmataninpz@tinypic.com,1210
937,Esmaria,Jahnig,ejahnigq0@linkedin.com,3004
938,Tiebout,Spurden,tspurdenq1@seattletimes.com,9778
939,Norrie,Frostdicke,nfrostdickeq2@liveinternet.ru,3079
940,Darrin,Roset,drosetq3@reverbnation.com,6232
941,Jillana,Vogele,jvogeleq4@imageshack.us,2596
942,Kerby,Kemmis,kkemmisq5@japanpost.jp,9164
943,Boone,Yu,byuq6@tmall.com,7305
944,Shamus,Chevalier,schevalierq7@posterous.com,628
945,Valenka,Parlett,vparlettq8@buzzfeed.com,7756
946,Sigismundo,Canellas,scanellasq9@topsy.com,4527
947,Magdaia,Shills,mshillsqa@globo.com,1847
948,Errol,Shafier,eshafierqb@lulu.com,5432
949,Lily,Mabe,lmabeqc@amazon.co.jp,8343
950,Berkly,Menelaws,bmenelawsqd@purevolume.com,328
951,Kylynn,Fremantle,kfremantleqe@accuweather.com,1138
952,Raimondo,Titterton,rtittertonqf@ning.com,3541
953,Blythe,O'Dougherty,bodoughertyqg@princeton.edu,7320
954,Em,Rugieri,erugieriqh@telegraph.co.uk,2082
955,Inger,MacMychem,imacmychemqi@about.com,6597
956,Derrek,Brevetor,dbrevetorqj@diigo.com,2595
957,Tedd,Takos,ttakosqk@pen.io,4269
958,Claudetta,Gabbat,cgabbatql@ucoz.ru,2666
959,Carri,Pickhaver,cpickhaverqm@ebay.com,5784
960,Katherina,Tippin,ktippinqn@hibu.com,3146
961,Lynnett,Caught,lcaughtqo@go.com,4663
962,Gui,O'Hoey,gohoeyqp@hatena.ne.jp,6950
963,Dani,Rottery,drotteryqq@oracle.com,5563
964,Camala,Kubelka,ckubelkaqr@infoseek.co.jp,2077
965,Andie,De Simone,adesimoneqs@redcross.org,761
966,Biddy,Vernon,bvernonqt@acquirethisname.com,2008
967,Phineas,Lancaster,plancasterqu@princeton.edu,6105
968,Rees,Teek,rteekqv@yahoo.com,8640
969,Jeralee,Tutchings,jtutchingsqw@hud.gov,526
970,Hally,Lasselle,hlasselleqx@moonfruit.com,9071
971,Herold,Claus,hclausqy@pagesperso-orange.fr,7652
972,Friederike,Jaquet,fjaquetqz@wordpress.com,806
973,Free,Rushmer,frushmerr0@economist.com,4812
974,Cristi,Worsnop,cworsnopr1@webmd.com,2643
975,Rayner,Merrgan,rmerrganr2@virginia.edu,5234
976,Lexis,Leffek,lleffekr3@phoca.cz,5067
977,Riane,Bound,rboundr4@usatoday.com,7368
978,Maurise,Prophet,mprophetr5@businessweek.com,3830
979,Robena,Olivi,rolivir6@tumblr.com,6397
980,Stearn,Ladbrooke,sladbrooker7@washingtonpost.com,1707
981,Bria,Dudderidge,bdudderidger8@wikia.com,6754
982,Saundra,Diego,sdiegor9@patch.com,8982
983,Calli,Juliano,cjulianora@artisteer.com,5554
984,Adam,Van Der Weedenburg,avanderweedenburgrb@plala.or.jp,5688
985,Rutherford,Kenwright,rkenwrightrc@bizjournals.com,1603
986,Rosetta,Stammirs,rstammirsrd@wufoo.com,4188
987,Teodoro,Woolager,twoolagerre@japanpost.jp,4858
988,Alphonso,Onslow,aonslowrf@businessinsider.com,2948
989,Christoffer,Tinsley,ctinsleyrg@istockphoto.com,6244
990,Penrod,Aizikovitz,paizikovitzrh@geocities.com,9124
991,Glori,Lambkin,glambkinri@homestead.com,4321
992,Jerri,O'Hartnedy,johartnedyrj@tinypic.com,8833
993,Pail,Booth-Jarvis,pboothjarvisrk@google.es,347
994,Auberta,Coleyshaw,acoleyshawrl@chicagotribune.com,945
995,Angie,Tropman,atropmanrm@chronoengine.com,6591
996,Dalton,Trobe,dtrobern@examiner.com,6428
997,Harvey,Huddy,hhuddyro@dyndns.org,6425
998,Bendix,Francioli,bfranciolirp@addthis.com,5318
999,Estrella,Minister,eministerrq@webnode.com,6138
1000,Cynthie,Filippi,cfilippirr@twitpic.com,441